{"count":1,"self":25.7596976,"total":25.830931,"children":{"InitializeActuators":{"count":1,"self":0.0013989999999999999,"total":0.0013989999999999999,"children":null},"InitializeSensors":{"count":1,"self":0.00197,"total":0.00197,"children":null},"AgentSendState":{"count":1235,"self":0.038404,"total":0.046963,"children":{"CollectObservations":{"count":412,"self":0.0024809999999999997,"total":0.0024809999999999997,"children":null},"WriteActionMask":{"count":412,"self":0.0012129999999999999,"total":0.0012129999999999999,"children":null},"RequestDecision":{"count":412,"self":0.003356,"total":0.0048649999999999995,"children":{"RayPerceptionSensor.Perceive":{"count":412,"self":0.001509,"total":0.001509,"children":null}}}}},"DecideAction":{"count":1235,"self":0.0069609999999999993,"total":0.0069609999999999993,"children":null},"AgentAct":{"count":1235,"self":0.013021999999999999,"total":0.013021999999999999,"children":null},"RayPerceptionSensor.Perceive":{"count":11,"self":3.9999999999999996E-05,"total":3.9999999999999996E-05,"children":null}},"gauges":{"AnimalAI.CumulativeReward":{"count":11,"max":3.368143,"min":-4.15298748,"runningAverage":-1.73948836,"value":-1.329527,"weightedAverage":-2.05498552}},"metadata":{"timer_format_version":"0.1.0","start_time_seconds":"1625580527","unity_version":"2020.3.9f1","command_line_arguments":"\/home\/macro\/Unity\/Hub\/Editor\/2020.3.9f1\/Editor\/Unity -projectpath \/home\/macro\/AAI3\/AAI3-UnityDev\/AnimalAI -useHub -hubIPC -cloudEnvironment production -hubSessionId 92bf47f0-de63-11eb-a6bb-c5bcaf0bc346","communication_protocol_version":"1.5.0","com.unity.ml-agents_version":"2.0.0-exp.1","scene_name":"AAI3EnvironmentManager","end_time_seconds":"1625580553"}}